"","character(0)"
"aazzen",1
"abandon",1
"abbi",2
"abl",3
"aboard",4
"abovement",1
"abrupt",1
"absolut",14
"abus",2
"accent",1
"accept",2
"accomplish",1
"accord",1
"account",10
"achiev",1
"acknowledg",1
"acquaint",1
"acr",1
"across",13
"act",3
"action",3
"activ",6
"actor",1
"actual",12
"add",1
"addendum",1
"addict",5
"addit",2
"address",7
"administ",1
"admir",1
"admit",2
"admonish",1
"ador",1
"adrenalin",1
"advanc",1
"advantag",1
"adventur",1
"advic",2
"aerotyn",3
"afar",1
"affect",1
"afford",5
"african",1
"aft",3
"afternoon",1
"agap",1
"age",2
"agenc",2
"agent",57
"aggress",1
"agit",1
"ago",2
"agre",5
"agreement",1
"ahead",3
"aim",2
"air",4
"airlin",4
"airport",2
"aisl",2
"akimbo",1
"ala",1
"alarm",1
"alden",1
"aliv",3
"aliyah",1
"alley",1
"allow",3
"almost",9
"alon",3
"along",6
"alongsid",1
"aloud",1
"alreadi",8
"also",9
"alt",1
"alway",6
"amateurish",1
"amaz",3
"ambien",1
"ambit",2
"america",4
"american",3
"amex",2
"amid",4
"amish",1
"amnesia",1
"among",3
"amount",1
"amway",1
"anatom",1
"andcent",1
"andi",1
"anew",1
"angl",3
"anim",2
"ankl",2
"anoth",16
"answer",5
"antarctica",1
"anti",1
"antiqu",1
"antithesi",1
"anxieti",1
"anybodi",5
"anymor",2
"anyon",5
"anyth",16
"anyway",7
"anywher",3
"anzali",1
"aoki",3
"apart",19
"apeshit",2
"apiec",2
"apolog",1
"appal",1
"appar",1
"appear",2
"appetit",1
"applaud",1
"applaus",12
"applebaum",3
"appli",1
"applic",1
"appreci",2
"approach",12
"appropri",1
"approv",1
"apr",3
"architect",1
"area",2
"arent",2
"arm",9
"armani",2
"armi",1
"arminarm",1
"arncliff",3
"around",22
"arraign",1
"arrang",1
"arrest",6
"arriv",3
"arrow",1
"art",1
"arteri",1
"articl",3
"artist",1
"asham",1
"ashor",1
"asid",1
"ask",13
"asleep",3
"asphalt",1
"aspir",1
"ass",10
"assess",1
"asshol",3
"assign",1
"assist",11
"associ",1
"assum",1
"atop",2
"attach",1
"attack",3
"attempt",4
"attend",3
"attende",1
"attent",1
"attitud",1
"attorney",12
"attract",1
"auckland",1
"audienc",4
"aug",2
"aunt",36
"author",1
"auto",17
"avail",2
"await",1
"awar",1
"away",13
"awesom",2
"aww",1
"azoff",10
"azybuzzi",1
"babe",2
"babi",17
"bachelor",2
"back",70
"background",5
"backward",1
"backyard",1
"bad",4
"bag",6
"baga",1
"baggi",1
"bahama",6
"bail",3
"balanc",1
"balconi",3
"bald",2
"ball",9
"ballbreak",2
"balloon",1
"ballpoint",1
"ballroom",2
"bam",1
"bammm",2
"band",2
"bang",1
"bank",5
"banker",5
"banqu",5
"banquet",1
"bar",7
"bare",6
"barechest",1
"bark",1
"barrel",1
"barri",7
"base",1
"basebal",1
"basement",3
"basi",2
"basic",1
"bask",1
"bastard",1
"bath",1
"bathroom",4
"batontwirl",1
"batten",1
"batteri",1
"bay",3
"baysid",3
"bazooka",1
"beach",8
"bear",3
"beard",1
"beast",1
"beat",21
"beatl",1
"beatup",1
"beauti",4
"becam",3
"becom",11
"bed",9
"bedlam",1
"bedroom",19
"beecham",3
"beer",1
"beetch",1
"befit",1
"befriend",1
"beg",1
"began",1
"begin",5
"behalf",1
"behind",17
"belfort",23
"believ",9
"bell",3
"belljet",1
"belong",2
"belt",1
"belzer",4
"ben",5
"bench",1
"benchmark",1
"bend",1
"beneath",1
"benevol",1
"beni",1
"benifuckinghana",1
"benihana",2
"bermuda",1
"berserk",2
"besid",6
"best",9
"bet",2
"better",11
"betti",1
"bewild",1
"bibe",1
"big",7
"bigger",4
"biggest",4
"bike",1
"bikini",2
"bill",10
"billow",1
"binocular",1
"bird",2
"birthday",1
"bit",2
"bitch",3
"bitten",1
"bizarr",2
"black",10
"blahnik",1
"blair",6
"blare",2
"blast",1
"blazer",1
"bleed",3
"blew",3
"blindfold",2
"bliss",2
"block",1
"blond",3
"blood",3
"bloodi",2
"bloodshot",1
"blow",9
"blowjob",2
"blowout",1
"blue",14
"blueblood",1
"bmw",1
"board",7
"boardroom",1
"boat",11
"bob",2
"bodi",13
"boil",1
"bolt",3
"bomb",1
"bombshel",1
"bond",1
"bongiorno",1
"boo",1
"book",6
"boom",1
"boomsnap",1
"boot",1
"booth",1
"booz",1
"bore",1
"born",2
"bother",1
"bottl",7
"bottom",2
"bought",2
"bow",1
"bowl",3
"bowler",1
"bowti",9
"box",7
"boy",4
"bra",1
"bracelet",3
"brad",51
"brahad",2
"brahod",1
"brain",2
"brainstorm",1
"brand",3
"break",5
"breakdanc",2
"breast",4
"breath",8
"bribe",4
"bridg",8
"brief",2
"briefcas",7
"bright",2
"brim",1
"bring",7
"brit",1
"british",2
"bro",3
"broadsid",1
"brochur",1
"broke",1
"broken",3
"broker",96
"brokerag",7
"brooklyn",4
"brookvill",6
"brother",6
"brought",1
"brow",1
"brown",1
"brownston",1
"brunett",1
"brush",2
"buck",4
"bucket",1
"buddhist",1
"buddi",4
"budg",1
"budget",1
"buff",137
"buffet",2
"bug",3
"build",9
"built",1
"bull",2
"bulli",1
"bullpen",43
"bullsey",2
"bullshit",3
"bumfuck",1
"bump",1
"bunch",2
"bundl",2
"bureau",4
"buri",2
"burn",1
"burst",1
"bus",1
"busboy",1
"bush",1
"busi",19
"bust",2
"bustier",1
"bustl",2
"butler",7
"button",4
"buy",19
"buyer",1
"cadillac",2
"cake",1
"california",1
"call",29
"calm",4
"came",7
"camera",17
"camisol",1
"can",71
"canari",1
"canastel",1
"candid",1
"candl",2
"candlelight",1
"cannon",1
"cant",18
"cap",1
"cape",1
"capit",4
"capon",1
"captain",27
"car",17
"carat",1
"carbid",1
"card",4
"care",12
"careen",2
"career",1
"cargo",1
"caribbean",2
"carload",1
"carpet",2
"carri",2
"carryon",2
"cart",2
"cartoon",1
"case",12
"cash",16
"cashcov",1
"cashfil",1
"castl",1
"casual",3
"catalogu",1
"catch",1
"caught",1
"caus",3
"cave",1
"cavebrok",1
"ceil",1
"celebr",5
"cell",3
"cellmat",1
"cent",2
"center",9
"central",1
"centuri",1
"cept",1
"cerebr",1
"certain",1
"cfo",1
"chain",1
"chair",5
"chairman",1
"champagn",5
"chanc",2
"chandeli",2
"chang",8
"chant",2
"chantall",11
"chao",1
"charact",1
"charg",3
"charismat",1
"chart",2
"chase",3
"chat",3
"chateau",1
"chauffeur",1
"cheap",2
"check",12
"cheer",6
"cheerio",1
"chees",1
"cheeseburg",1
"chef",3
"chemis",1
"cherri",1
"chest",4
"chestbump",1
"chester",22
"chew",1
"chi",1
"chicken",1
"chickensd",1
"child",2
"childhood",2
"children",1
"chill",1
"chimp",1
"chin",1
"chinaman",1
"chines",2
"chip",8
"chit",1
"choic",2
"choke",4
"chong",1
"choos",4
"chop",7
"chopper",1
"chorus",1
"christ",4
"christen",1
"christi",1
"christma",1
"chuckl",4
"chunk",2
"church",1
"churn",1
"circl",2
"circumst",2
"citi",4
"civil",2
"clamor",1
"clang",1
"class",5
"classic",1
"classifi",1
"claw",1
"clean",3
"clear",4
"click",3
"client",22
"climb",1
"clip",1
"clipper",1
"clock",1
"close",24
"closer",3
"closet",1
"clotheslin",1
"club",12
"clunki",1
"cmon",6
"coal",1
"coast",2
"coastlin",1
"coat",2
"cobbler",1
"cocain",6
"cock",7
"cockless",1
"cocksuck",4
"cocksuckermaddenfuckingsho",1
"cocktail",2
"coconspir",1
"code",1
"coffe",7
"cohort",1
"coil",1
"coin",1
"coke",14
"cokedup",1
"collar",2
"collater",1
"colleg",3
"color",1
"combin",1
"come",42
"comment",1
"commerci",3
"commiser",1
"commiss",3
"commit",4
"communic",1
"commut",2
"compani",12
"complain",1
"complet",7
"complex",1
"compon",1
"compos",1
"comprehens",1
"comput",4
"concret",1
"condit",2
"condo",2
"condol",1
"condom",2
"confer",8
"confus",1
"conjunct",1
"connect",1
"connector",2
"conniv",1
"connoisseur",1
"conquer",1
"conscious",2
"consequ",1
"conserv",1
"consid",3
"consist",2
"consol",1
"conspiraci",2
"constitut",1
"consumm",1
"contact",1
"contain",1
"contd",82
"contempt",1
"content",1
"continu",25
"contort",3
"contract",1
"control",7
"conveni",1
"convent",1
"convers",4
"convict",2
"convinc",1
"convuls",1
"cook",1
"cool",1
"cooler",1
"cooper",11
"cop",7
"copi",3
"copilot",1
"corleon",1
"corner",4
"correct",1
"cosign",1
"cost",2
"couch",10
"cough",1
"couldnt",11
"count",7
"counter",3
"countri",7
"coupl",5
"cours",10
"court",10
"courtroom",1
"cousin",2
"cover",5
"cozi",1
"cpr",1
"crack",6
"cracker",1
"cradl",1
"cram",2
"crap",1
"crappi",1
"crash",9
"crashland",1
"crawl",4
"crazi",5
"creat",3
"creation",1
"creativ",1
"credit",4
"crew",1
"cri",5
"crime",6
"crimin",6
"crisp",1
"cristi",4
"croix",1
"cromagnon",2
"cross",11
"crotch",2
"crouch",1
"crowd",14
"cruel",1
"cruller",1
"crumbl",1
"crunch",1
"crystal",3
"cubicl",1
"cuff",1
"cum",8
"cunt",3
"cup",2
"curious",4
"curl",2
"current",2
"curs",1
"custodi",2
"custom",7
"custommad",1
"cut",27
"cutrat",1
"cuz",5
"cylind",1
"dad",4
"dada",2
"daddi",11
"daili",1
"dalk",2
"damag",1
"danc",6
"dancedrinksnort",1
"danger",1
"dangl",1
"daniell",3
"dark",2
"darl",1
"dart",2
"dartboard",2
"dash",1
"date",3
"datsun",1
"daughter",2
"dave",4
"day",174
"dea",1
"dead",7
"deal",9
"dealer",2
"dealt",1
"dear",5
"death",1
"debat",1
"debaucheri",2
"deblasio",7
"debri",1
"debt",2
"dec",8
"decid",4
"decis",2
"deck",13
"declar",1
"declin",2
"decor",1
"deep",2
"defacto",1
"defend",6
"defin",1
"definit",1
"deft",1
"defunct",1
"degener",1
"degre",1
"delay",1
"deliv",1
"demur",2
"denham",61
"denhaml",1
"depart",4
"depend",4
"depos",1
"deposit",3
"deprav",1
"depress",1
"descend",7
"deserv",2
"design",5
"desk",22
"desper",3
"despit",1
"destroy",1
"detect",1
"detector",1
"develop",3
"devic",1
"dial",13
"diamond",3
"dice",1
"dick",4
"dictat",2
"didnt",16
"die",6
"dietl",21
"differ",7
"dig",1
"digest",1
"dime",1
"din",1
"dine",2
"diner",4
"dinner",6
"dip",1
"direct",4
"disappear",2
"discov",2
"discoveri",1
"discreet",2
"discuss",2
"dish",2
"dismount",1
"disord",1
"display",1
"disrespect",1
"dissolv",2
"distanc",2
"distant",2
"distend",1
"distinguish",1
"distraught",1
"district",3
"diver",1
"divers",1
"divorc",4
"dock",2
"doctor",4
"document",4
"doesnt",15
"doeuvr",1
"dog",4
"doggystyl",1
"dollar",25
"dom",1
"don",1
"done",7
"donni",234
"donniecontd",3
"donnieo",1
"donnievo",1
"dont",58
"donut",1
"doom",1
"door",20
"doorbel",1
"doorman",1
"doorway",1
"doozi",1
"dosag",1
"dot",1
"doubl",3
"douchea",1
"douchebag",6
"dove",1
"downsid",1
"downstair",1
"dozen",16
"drag",1
"drager",8
"dream",7
"dreamili",1
"dress",13
"dri",2
"drink",14
"drinkingdancingsnort",1
"drip",2
"drive",12
"driver",3
"driveway",1
"drool",6
"droop",1
"drop",7
"drove",2
"drown",2
"drug",12
"drunk",4
"drunken",1
"dubuqu",1
"duchess",7
"dud",1
"dude",1
"due",1
"duffel",1
"duke",2
"dumb",1
"dump",1
"dumpin",1
"dunno",4
"dupe",1
"dusk",1
"dutch",1
"dwarf",4
"dwayn",10
"eager",2
"eagl",1
"ear",6
"earli",2
"earlier",2
"earth",1
"easi",2
"easier",1
"east",1
"eastern",1
"eat",5
"eavesdrop",2
"econom",1
"edg",6
"edit",1
"eet",5
"eez",2
"effect",3
"effort",2
"egg",1
"eight",4
"eighteen",1
"either",3
"elbow",3
"electrocut",1
"electron",2
"eleg",2
"eleph",1
"elev",4
"eleven",1
"ello",1
"els",4
"elvi",1
"embarrass",1
"embrac",1
"emerg",10
"emma",34
"empti",1
"encircl",1
"encount",1
"end",6
"endless",2
"enema",1
"enemi",2
"engag",4
"engin",3
"england",1
"english",2
"enjoy",2
"enorm",1
"enough",9
"enter",16
"entertain",2
"entir",5
"envelop",1
"environment",1
"equal",3
"equip",1
"eras",2
"erect",2
"ert",1
"erupt",1
"especi",1
"essenc",1
"establish",3
"estat",37
"etc",5
"etern",2
"ethnic",1
"european",1
"even",38
"eventu",3
"ever",16
"evergraci",1
"everi",22
"eversoslight",1
"everybodi",6
"everyon",5
"everyth",7
"everythingyouownexpens",1
"everywher",3
"evict",1
"evid",1
"eviley",1
"eviscer",1
"exact",6
"exagger",1
"exampl",2
"exceed",1
"excel",2
"except",4
"exchang",2
"excit",5
"exclus",1
"excus",1
"excusezmoi",1
"execut",1
"exercis",1
"exit",13
"expedit",1
"expens",6
"expert",1
"explain",3
"explicit",1
"explod",3
"expound",1
"express",4
"expressway",1
"ext",45
"extend",1
"extint",1
"extra",1
"extrem",2
"eye",22
"eyebal",2
"eyelid",1
"face",23
"facial",1
"fact",6
"factor",1
"fade",3
"failur",1
"fair",1
"fairi",1
"fall",5
"famili",15
"famous",1
"fanfar",1
"far",5
"farm",1
"farran",1
"fart",1
"fascin",1
"fast",2
"faster",3
"fat",2
"father",5
"fatigu",1
"favor",1
"favorit",1
"fbfuckingi",1
"fbi",15
"fbis",1
"fear",1
"feather",1
"feb",29
"fed",5
"feder",9
"fee",1
"feed",2
"feedback",1
"feel",12
"feet",11
"feign",1
"feinberg",9
"fell",1
"felt",4
"femal",1
"feng",1
"feroci",2
"ferrari",8
"fidgeti",1
"fiend",1
"fifteen",4
"fifti",6
"fight",7
"fighter",1
"figur",12
"file",5
"fill",2
"film",2
"final",11
"financ",1
"financi",5
"find",8
"fine",8
"finest",1
"finger",5
"finish",6
"finit",1
"fire",7
"firefight",1
"fireplac",1
"firm",15
"first",28
"fish",6
"fishbowl",1
"fit",2
"five",10
"flag",1
"flair",1
"flame",1
"flare",1
"flash",6
"flashback",2
"flat",1
"fleet",1
"fleme",2
"flew",3
"flex",3
"fli",8
"flicker",1
"flight",2
"fling",1
"flip",6
"flipflop",1
"flit",1
"float",1
"floodlight",1
"floor",9
"flourish",1
"flower",1
"fluffi",1
"fluid",1
"fock",3
"focus",3
"fogel",11
"fold",2
"folk",1
"follow",12
"followth",1
"food",4
"foot",3
"footag",2
"footbal",1
"forb",7
"forbid",1
"forc",5
"foreign",2
"forev",1
"forger",1
"forget",3
"forgotten",1
"form",1
"former",2
"forth",1
"fortun",1
"fortythirti",1
"forward",2
"found",2
"founder",1
"fountain",1
"four",13
"fourhundredandthirtythousand",1
"fourth",1
"foyer",2
"frame",5
"franc",1
"frank",1
"frankenstein",1
"frantic",1
"fraud",6
"freak",3
"free",3
"freedom",1
"freez",3
"french",2
"frenzi",3
"fresh",2
"friend",25
"friendship",1
"front",6
"froth",1
"frown",1
"frozen",2
"fuck",146
"fuckedup",1
"fucker",2
"fuckfac",2
"fuckin",16
"fuckingmoney",1
"fucknut",1
"fuckup",1
"fuh",1
"full",12
"fulli",1
"fulltim",1
"function",1
"fund",1
"funer",2
"funni",1
"furious",2
"furnitur",7
"furrow",1
"fuse",1
"futur",7
"fyi",1
"gadget",1
"gag",1
"gale",4
"gall",1
"gambl",1
"game",3
"garag",8
"garbag",2
"gasp",1
"gate",1
"gaug",1
"gave",7
"gavel",1
"gay",3
"gazebo",1
"gear",1
"gekko",1
"gene",8
"general",1
"generat",1
"generous",1
"genev",5
"geneva",7
"genius",1
"gentlemen",3
"german",3
"gestapo",1
"gesticul",1
"gestur",3
"get",93
"giant",7
"gianthead",1
"giddi",1
"gift",2
"giggl",2
"gimm",2
"giorgio",1
"girl",9
"girlfriend",3
"git",1
"give",33
"given",1
"glad",1
"glanc",6
"glare",1
"glass",15
"glide",1
"glisten",1
"glorious",1
"glower",1
"gman",1
"goal",2
"gobbl",2
"god",10
"godammit",1
"goddammit",1
"goddamn",5
"goe",19
"goggl",1
"goin",1
"gold",3
"golddigg",1
"goldenrod",1
"goldfish",2
"goldman",1
"golf",5
"gone",3
"gonna",29
"good",26
"goodby",1
"goodgood",1
"gordon",1
"gorgeous",5
"got",48
"gotta",17
"gotten",2
"govern",5
"grab",11
"grade",1
"graduat",1
"grail",1
"graini",1
"grand",5
"grandkid",2
"grant",2
"grapefruit",1
"grass",1
"grave",1
"gray",1
"great",15
"greater",1
"greedfest",1
"green",1
"greet",3
"grenada",2
"greytempl",1
"grill",1
"grin",3
"grind",1
"groceri",1
"gross",1
"ground",4
"group",4
"grovel",1
"grow",1
"growl",1
"guard",5
"guess",5
"guest",5
"guid",2
"guidanc",1
"guilt",1
"guilti",3
"guinea",2
"gulch",1
"gullet",1
"gun",3
"guy",40
"guysr",1
"guzza",1
"gym",5
"gymnast",1
"gyrat",1
"hackman",7
"hadnt",4
"hafta",1
"hair",4
"hairi",1
"hairtrigg",1
"haiti",1
"half",6
"halfeaten",1
"halfwit",1
"hall",1
"hallway",2
"ham",2
"hampton",6
"hana",1
"hand",35
"handcuf",2
"handcuff",1
"handgun",1
"handl",1
"handshak",1
"handsom",4
"hang",8
"hanna",24
"happen",11
"happi",2
"happiest",1
"harass",1
"hard",8
"harlem",1
"harrison",2
"hart",2
"harvard",2
"hat",2
"hatch",1
"hatchet",1
"hate",2
"havent",2
"hazar",1
"hazi",3
"head",30
"headach",1
"headphon",1
"headset",4
"headshot",1
"healthi",1
"healthier",1
"hear",23
"heard",5
"heart",5
"heartach",1
"heav",1
"heaven",5
"heavi",1
"hector",8
"hed",10
"heel",1
"hefti",1
"hegeman",2
"hehheh",1
"heidi",1
"height",1
"heimlich",1
"held",3
"helicopt",9
"helipad",1
"hell",4
"hellhol",1
"hello",2
"helmet",2
"help",12
"hemorrhoid",1
"here",1
"herewith",1
"hero",1
"hes",44
"hey",12
"heya",1
"hibachi",2
"hiccup",1
"hidden",1
"hide",1
"hierarchi",1
"high",21
"higher",2
"higherup",1
"highfiv",1
"highmind",1
"hike",1
"hildi",12
"hip",1
"hire",6
"hiroshima",1
"hispan",1
"hiss",1
"histori",2
"hit",15
"hold",25
"holi",5
"holler",1
"hollingsworth",1
"home",21
"homerun",1
"hon",2
"honest",1
"honey",2
"honor",1
"hood",1
"hook",3
"hooker",20
"hoot",1
"hope",3
"hopeless",1
"hor",1
"horizon",1
"horn",1
"hornrim",1
"horribl",2
"horrifi",1
"horror",1
"hors",3
"hostess",2
"hot",4
"hotel",4
"hottest",3
"hottub",1
"hour",4
"hous",25
"household",1
"housew",1
"hover",1
"howd",1
"howev",1
"howl",1
"howr",1
"huddl",1
"hug",7
"huge",8
"hugh",8
"huh",4
"human",5
"humbl",1
"humong",1
"humor",1
"humorless",1
"hump",2
"hunch",1
"hundr",9
"hungri",2
"hunk",1
"hunt",1
"hurri",1
"hurt",4
"hurtl",1
"husband",3
"hustl",2
"hustler",1
"hyde",1
"hype",1
"hyperventil",1
"hypocrit",1
"ian",1
"ice",1
"ici",1
"idea",3
"idl",1
"ignit",2
"iguana",1
"iii",27
"ill",18
"illeg",3
"imag",4
"imagin",1
"imbecil",2
"immedi",1
"immin",1
"impact",1
"impati",1
"impecc",1
"impenetr",1
"implant",1
"import",3
"imposs",1
"impress",5
"improprieti",1
"incess",1
"inchthick",1
"includ",4
"incred",3
"incredul",1
"incrimin",1
"inde",1
"independ",2
"index",2
"indian",3
"indic",2
"indict",5
"industri",3
"infant",2
"infomerci",1
"inform",3
"inhal",1
"inhous",1
"initi",3
"inlaw",1
"inmat",1
"inner",4
"innocu",1
"insan",3
"insert",10
"insid",10
"inspir",1
"instal",1
"instant",1
"instead",2
"instinct",1
"institut",3
"instruct",2
"instructor",1
"instrument",1
"insur",1
"int",158
"intak",1
"integr",1
"intend",1
"intent",1
"interact",1
"intercut",3
"interest",2
"intern",3
"internet",1
"interrog",1
"interview",3
"introduc",1
"invad",1
"invas",1
"invest",8
"investig",7
"investor",6
"invinc",1
"invit",1
"involv",1
"ipo",5
"iron",1
"island",16
"isnt",14
"issu",5
"iswel",1
"itali",2
"italian",6
"itd",1
"itll",2
"ive",15
"izz",1
"jackass",1
"jacket",3
"jag",1
"jaguar",1
"jail",7
"jam",1
"jan",2
"jane",1
"janet",14
"januari",1
"japanes",1
"jaw",2
"jbs",1
"jeanjacqu",5
"jeez",1
"jenner",2
"jerk",6
"jerkoff",2
"jerri",9
"jesus",7
"jet",8
"jetski",1
"jewelri",4
"jimmi",1
"job",16
"john",1
"johnson",1
"join",6
"joke",7
"jones",1
"jord",1
"jordan",1042
"journal",2
"judg",2
"juic",3
"juli",1
"jumbo",2
"jump",8
"jun",10
"june",1
"jungl",2
"junk",1
"junki",1
"just",63
"justic",4
"kaboom",1
"kacand",2
"kalil",2
"karat",1
"ked",1
"keep",15
"key",6
"kick",7
"kickass",1
"kid",26
"kidsliv",1
"kidsr",1
"kill",10
"killer",1
"kimmi",14
"kind",7
"kinda",3
"king",2
"kiss",9
"kitchen",8
"kitschi",1
"kiwi",2
"kleinman",6
"knee",2
"kneel",2
"knew",10
"knock",5
"know",52
"knowledg",1
"known",3
"kodak",2
"koskoff",3
"kung",2
"kupferberg",1
"label",1
"ladi",2
"lafit",1
"laid",1
"lamborghini",8
"lament",1
"land",4
"landlord",1
"landscap",2
"languag",1
"lap",1
"lapaglia",1
"lapdanc",1
"laperla",1
"larg",7
"las",1
"laser",1
"last",19
"late",26
"latenight",1
"later",17
"laugh",7
"laughabl",1
"laughter",2
"launder",7
"law",3
"lawsuit",2
"lawyer",8
"lay",6
"lazi",1
"lead",3
"leadership",1
"leaf",1
"leah",2
"leak",1
"lean",6
"leap",1
"learn",8
"learner",1
"leas",1
"least",6
"leather",3
"leav",8
"lectur",1
"led",3
"left",3
"leftright",1
"leg",9
"legal",7
"legend",1
"legitim",2
"lehman",1
"lemm",1
"lemmon",4
"lemon",1
"lemonad",1
"lens",1
"less",4
"lesson",1
"lest",1
"let",24
"level",2
"leverag",1
"liabil",1
"lib",1
"librari",2
"licens",2
"lick",2
"lie",5
"life",19
"lifestyl",2
"lift",1
"light",4
"like",107
"limit",2
"limo",6
"limosin",2
"line",18
"lingeri",2
"linguist",1
"link",1
"lip",5
"list",8
"listen",12
"lit",1
"lite",1
"liter",2
"littl",20
"live",22
"load",2
"loan",1
"lobbi",6
"lobster",2
"lobsterr",1
"local",1
"locat",1
"lock",6
"logo",1
"loin",1
"loll",1
"london",4
"loneli",1
"long",27
"longterm",1
"look",111
"loom",1
"loophol",1
"loos",2
"lose",4
"loser",1
"lost",4
"lot",12
"lotta",1
"lou",2
"loud",3
"louder",1
"loung",1
"love",25
"lover",1
"low",1
"lowcut",1
"lower",4
"loyalti",5
"luca",11
"luck",5
"lucki",6
"lude",17
"lunch",2
"lunchtim",1
"lung",2
"lurch",1
"lurk",1
"luxuri",2
"lynch",1
"mad",7
"madden",23
"made",20
"madhous",1
"madman",1
"magazin",1
"maid",2
"mailmen",1
"main",2
"mainlin",1
"maintain",1
"maitr",2
"make",46
"mall",4
"maltes",1
"man",22
"manag",1
"manchu",2
"mane",1
"maneuv",1
"manhattan",9
"mani",2
"maniac",2
"manicur",1
"manipul",1
"manni",13
"manolo",1
"mansion",6
"map",2
"mapl",2
"mar",9
"march",5
"margaux",1
"margin",1
"mari",4
"marin",1
"marina",3
"marionett",1
"mark",22
"market",4
"marra",1
"marri",7
"marriag",1
"martini",2
"mask",1
"masseus",1
"massiv",8
"master",14
"match",1
"materi",1
"matter",10
"mattress",1
"max",38
"maxd",1
"may",8
"mayb",9
"mayday",2
"mayflow",1
"mazzer",1
"mcdonald",1
"mean",20
"meant",3
"meanwhil",1
"measur",1
"meat",2
"mechan",3
"media",2
"median",1
"medic",1
"mediterranean",1
"meet",6
"mele",1
"mellow",1
"member",2
"memo",1
"memori",1
"men",6
"menac",1
"mentor",1
"menus",1
"merced",2
"mere",1
"merri",1
"merril",2
"mesmer",2
"messag",2
"met",9
"metabol",1
"method",2
"mexican",1
"miami",5
"mic",5
"microphon",2
"microsoft",1
"mid",2
"midair",1
"midconvers",1
"middl",3
"middleag",1
"middleclass",1
"midnight",1
"midorgi",1
"midpitch",1
"midspeech",1
"midwest",1
"might",6
"mike",1
"mil",3
"mile",3
"militari",1
"miller",1
"million",23
"millionair",2
"mind",7
"mine",2
"ming",13
"mingl",1
"minidress",1
"minim",1
"minimum",1
"miniscrib",1
"minut",12
"miracl",2
"mirror",2
"miser",1
"misfit",1
"mistak",1
"mmmadden",1
"moan",1
"mob",1
"mode",2
"model",3
"modern",1
"mold",2
"mom",2
"moment",7
"mommi",8
"monaco",7
"monday",3
"money",43
"moneycraz",2
"monogram",1
"month",28
"monthold",1
"moomoo",1
"moon",1
"moor",1
"morn",10
"moron",1
"morphin",1
"mortal",1
"mortgag",3
"most",2
"mother",3
"motherfuck",7
"motion",7
"motiv",4
"motor",1
"mound",1
"mouth",7
"mouthpiec",1
"move",20
"mover",1
"movi",1
"moviestar",1
"much",22
"muchll",1
"mug",2
"multimillionair",2
"mummi",1
"muscl",2
"muscular",1
"music",5
"must",6
"mustach",3
"muster",1
"mutt",1
"nag",1
"nah",2
"nail",3
"nake",5
"name",24
"nanni",1
"naomi",212
"napkin",1
"nasdaq",3
"nation",4
"natur",1
"nautic",1
"naval",1
"navi",1
"nay",4
"near",4
"nearbi",11
"need",21
"needlepoint",1
"neednt",1
"ness",1
"net",1
"nevada",1
"never",15
"new",24
"newborn",1
"newburg",1
"news",6
"next",21
"nice",6
"nicest",1
"nichola",18
"nicholass",3
"nicki",3
"nicol",1
"niec",1
"night",55
"nightstick",1
"nincompoop",1
"nobil",1
"nobodi",6
"nod",14
"noisi",1
"nolan",8
"nomine",1
"none",2
"nonetoopleas",1
"noon",1
"noos",1
"nope",2
"normal",4
"north",4
"nose",2
"nostril",2
"note",2
"noth",14
"notic",9
"notso",1
"nov",3
"novel",1
"now",54
"nudg",1
"number",2
"nun",1
"nut",4
"nutsack",1
"nuuhh",1
"nypd",1
"oakmont",54
"object",1
"oblig",4
"oblivi",1
"obnoxi",2
"obscen",2
"obstruct",1
"obvious",3
"occas",1
"ocean",5
"oct",18
"octob",5
"odd",1
"odoul",2
"offend",1
"offens",2
"offer",14
"offic",52
"offshor",1
"often",1
"ohhh",1
"ohhhh",1
"okay",12
"old",7
"older",2
"olympics",1
"omigod",7
"omit",33
"one",92
"oneday",1
"ongo",1
"onscreen",1
"onto",4
"onward",1
"oooo",1
"ooz",1
"open",21
"oper",1
"opera",1
"opportun",2
"option",2
"orang",1
"order",5
"orgi",1
"origin",2
"orneri",1
"other",11
"otter",22
"ouch",1
"outlaw",1
"outlay",1
"outsid",7
"outta",3
"ovat",1
"overboard",1
"overlook",2
"overnight",3
"oversea",1
"overwhelm",1
"owl",1
"own",2
"owner",1
"oxblood",1
"oxygen",1
"ozza",3
"pace",2
"pack",5
"pad",1
"page",145
"paid",1
"pail",1
"pain",3
"paint",1
"pair",1
"pal",1
"palm",2
"palsi",1
"pam",3
"pan",5
"panda",1
"pandemonium",1
"panic",1
"panoram",1
"pant",5
"panti",5
"paper",9
"paperwork",2
"papiertoillett",1
"paragraph",4
"paranoid",2
"parent",4
"park",9
"parker",2
"parlanc",1
"part",9
"parti",16
"particip",1
"partner",5
"pass",17
"passeng",1
"passion",1
"passport",4
"past",6
"pasta",1
"pat",2
"patent",3
"path",1
"patrician",1
"patrick",4
"patrol",2
"pauli",1
"paus",2
"pavement",1
"paw",1
"pawn",2
"pay",19
"paystub",2
"peel",1
"peer",3
"pen",7
"pend",1
"penicillin",2
"penni",6
"pensel",2
"pensiv",1
"peopl",24
"peopler",1
"per",2
"percent",2
"perch",1
"perfect",4
"perfunctorili",1
"period",1
"permit",1
"perplex",1
"person",14
"persona",1
"persuas",4
"pertain",1
"perus",2
"pet",2
"peter",7
"petrifi",1
"phantom",1
"pharmaci",1
"pharmacist",1
"phase",8
"phd",1
"phone",64
"phoni",1
"phosphoresc",1
"photo",7
"pick",21
"pictur",2
"pictureperfect",1
"piec",4
"piker",2
"pile",1
"pill",6
"pillar",1
"pin",1
"pinhead",1
"pinhol",1
"pink",11
"pinstrip",1
"pinto",1
"pipe",2
"piss",6
"pitch",4
"place",20
"plan",7
"plane",4
"plank",1
"plastic",3
"platform",1
"platinum",1
"play",7
"player",1
"plead",2
"pleas",8
"pledg",1
"plenti",1
"plum",1
"plumber",1
"plummet",2
"plus",3
"pneumat",1
"pocket",3
"point",13
"poke",1
"polaroid",3
"polic",8
"polish",2
"polit",3
"polo",1
"pond",1
"poni",3
"pool",8
"poor",5
"pop",14
"popey",3
"popul",1
"popular",1
"porsch",2
"portfolio",1
"porthol",1
"portion",2
"pose",1
"posit",2
"possess",1
"possibl",3
"pot",3
"potenc",1
"potenti",1
"pothol",1
"pound",3
"pour",4
"pout",1
"pov",6
"poverti",2
"pow",1
"powder",1
"power",6
"practic",2
"pray",2
"precis",1
"pregnant",3
"prelap",3
"preppylook",1
"prescrib",1
"present",2
"presidenti",2
"press",2
"pressur",2
"presumpt",1
"pretend",2
"pretenti",1
"pretti",9
"previous",1
"price",9
"prick",3
"pride",2
"print",1
"prioriti",2
"prison",12
"privat",7
"probabl",9
"probat",1
"problem",10
"produc",1
"profession",1
"profil",1
"profit",4
"profound",1
"progress",2
"project",1
"promis",4
"proof",1
"proper",1
"propos",1
"prostitut",3
"protect",2
"provid",1
"public",5
"puff",1
"puke",1
"pull",28
"pummel",1
"pump",4
"puppi",1
"pure",1
"purg",1
"pursu",3
"pursuant",1
"push",12
"pussi",3
"put",15
"quaalud",7
"qualiti",1
"quarterback",1
"quash",1
"queen",4
"queer",1
"question",3
"quick",9
"quiet",5
"quit",4
"quotron",2
"race",6
"raci",1
"rack",1
"radar",2
"radio",4
"rage",2
"rais",4
"rake",1
"ram",1
"rang",7
"rao",2
"rape",1
"rapidfir",1
"rapt",1
"rare",1
"rat",8
"rather",1
"rathol",4
"ratti",1
"rattl",1
"raven",1
"raymond",1
"razi",1
"razorsharp",1
"razorstubbl",1
"reach",2
"react",1
"reaction",1
"read",15
"readi",6
"readout",1
"real",16
"realiz",7
"realli",17
"rear",5
"reason",2
"receiv",1
"recent",1
"recit",1
"recommend",3
"record",4
"recov",1
"recruit",1
"red",7
"reek",1
"refil",1
"reflect",1
"regard",2
"regist",1
"regret",3
"regulatori",1
"reintroduc",1
"reinvent",1
"relationship",3
"relax",5
"releas",4
"remain",1
"remand",1
"rememb",5
"remind",1
"remodel",1
"remov",4
"rent",2
"report",3
"requir",3
"rerun",1
"rescu",2
"research",2
"resist",1
"reson",1
"respect",1
"respond",2
"respons",2
"rest",6
"restaur",4
"restitut",1
"restrain",3
"resum",2
"retard",2
"retir",1
"retriev",3
"return",4
"reveal",4
"revers",2
"review",3
"revis",142
"rhythmic",1
"rib",1
"rich",19
"richest",1
"rid",1
"ride",7
"ridg",4
"ridicul",1
"rifl",1
"right",34
"righteo",1
"rim",1
"ring",12
"ringer",1
"rip",2
"ripe",1
"rise",5
"risk",1
"riskin",10
"ritual",1
"road",4
"roar",4
"rob",1
"robbi",26
"robert",1
"robin",1
"rocco",4
"rochell",3
"rock",2
"rocki",9
"rocksolid",1
"rogu",2
"roll",8
"romant",1
"rome",1
"roof",1
"room",40
"roost",2
"rot",1
"rothschild",7
"round",1
"routin",1
"rover",1
"row",2
"rub",1
"rue",1
"rugrat",38
"rule",2
"rumor",3
"rumpl",1
"run",7
"rush",8
"sad",2
"safe",5
"said",16
"sail",7
"sailor",1
"sake",2
"sale",21
"salesman",3
"saliva",1
"salon",1
"salut",2
"samantha",1
"samitz",1
"satisfi",1
"sauna",1
"saurel",32
"save",8
"saw",1
"say",36
"scan",3
"scene",40
"scent",1
"schedul",2
"schmendrick",1
"schmuck",2
"school",2
"scientist",1
"scissor",1
"scool",1
"scout",1
"scragg",1
"scratch",1
"scrawl",3
"scrazi",1
"scream",7
"screech",1
"screen",6
"script",1
"scum",1
"scumbag",1
"sea",28
"seagul",1
"search",1
"season",1
"seat",10
"sec",12
"second",10
"secreci",1
"secret",3
"secur",11
"sedat",2
"seduct",2
"see",55
"seem",2
"seen",3
"seeth",2
"seiz",1
"sell",19
"seminar",7
"semit",1
"send",1
"senior",1
"sens",5
"sent",3
"sentenc",5
"sep",13
"septemb",2
"sera",1
"seri",6
"serious",2
"serv",8
"servic",1
"set",13
"settl",6
"seven",5
"seventi",3
"seventytwo",1
"sever",3
"sex",2
"sexual",1
"shadi",1
"shake",9
"shaken",1
"shall",5
"shambl",1
"shape",1
"share",23
"sharpen",1
"sharpli",1
"shatter",1
"shave",2
"shed",2
"sheep",1
"sheet",10
"shelf",1
"shes",12
"shhhh",1
"shhhoooess",1
"shi",1
"shift",3
"ship",1
"shirt",1
"shirtsleev",1
"shit",31
"shitbag",1
"shitheel",1
"shitll",1
"shitti",1
"shock",2
"shoe",14
"shoot",4
"shop",20
"shore",1
"short",6
"shot",11
"shoulder",5
"shouldnt",2
"shove",1
"show",8
"shower",3
"showman",1
"shrimp",2
"shrug",3
"shuffl",1
"shuid",1
"shut",3
"sick",4
"side",14
"sidelin",1
"sideway",1
"sigh",1
"sight",2
"sign",10
"signag",1
"signal",2
"silenc",3
"silent",3
"silk",1
"silver",2
"simpl",1
"sinc",7
"singl",3
"sink",1
"sip",3
"sir",10
"siren",1
"sit",55
"sitdown",1
"six",12
"sixseven",1
"sixteen",1
"sixtythre",1
"size",4
"sizzl",1
"skank",1
"skateboard",1
"ski",3
"skill",2
"skip",1
"skirt",2
"skitter",1
"skull",2
"sky",1
"skylar",22
"skypag",1
"slack",1
"slacken",1
"slam",5
"slap",3
"slash",2
"slavic",1
"sleep",8
"sleeveless",1
"sli",1
"slide",1
"slight",1
"slip",9
"sloven",1
"slovenian",1
"slow",2
"slower",1
"slowli",6
"slur",2
"small",9
"smart",3
"smartbomb",1
"smartest",1
"smash",1
"smatter",1
"smile",38
"smoke",5
"smug",1
"smuggl",2
"snake",1
"snap",2
"snapshot",1
"snarf",2
"snatch",1
"sneak",2
"sneaker",1
"sneaki",1
"snore",1
"snort",7
"soak",1
"sob",1
"sober",4
"sod",1
"sofa",1
"soil",1
"sold",3
"soloman",1
"solomon",9
"somebodi",1
"someday",1
"somehow",2
"someon",7
"somersault",1
"someth",25
"sometim",5
"son",3
"sonovabitch",2
"sonovacunt",1
"soon",2
"sophist",1
"sorri",10
"sos",1
"sound",11
"sour",1
"south",6
"space",1
"span",1
"sparkl",2
"spastic",1
"speak",10
"speaker",3
"speakerphon",1
"special",1
"specialist",1
"specif",1
"speed",1
"spellcheck",1
"spend",4
"spent",2
"spew",1
"spill",2
"spinach",1
"splash",3
"splat",1
"split",1
"spoke",1
"spoon",3
"sportscar",1
"spose",1
"spot",7
"spread",7
"spring",10
"spurt",1
"squarejaw",1
"squat",1
"squeal",1
"squeez",1
"squirm",1
"squirt",1
"ssshhhhoe",1
"stabil",1
"stabilti",1
"stack",6
"staff",1
"stage",2
"stagger",2
"stain",1
"stair",6
"staircas",3
"stake",2
"stalk",1
"stall",1
"stamp",1
"stand",33
"standpoint",1
"star",1
"stare",5
"start",53
"stash",2
"state",2
"staten",1
"station",1
"stay",3
"steal",2
"steam",5
"steeki",2
"steep",1
"steer",1
"step",10
"stephani",1
"steve",35
"stew",1
"steward",1
"stewardess",3
"stick",5
"still",20
"stir",1
"stock",41
"stockbrok",2
"stockroom",1
"stogel",1
"stoic",1
"stole",1
"stomach",2
"stomp",3
"stone",5
"stool",1
"stop",19
"storag",1
"store",4
"storefront",1
"stori",3
"storm",4
"straddl",1
"straight",11
"straighten",1
"strain",1
"straitjacket",1
"strap",1
"strategi",2
"stratospher",1
"stratton",76
"strattonit",7
"straw",4
"stray",1
"streak",1
"street",154
"strength",2
"stress",3
"stretch",1
"strict",1
"stride",1
"strip",4
"stripe",1
"stripper",4
"stroke",1
"stronger",1
"stronghold",1
"struggl",2
"strung",1
"stub",1
"stuck",1
"student",1
"studi",4
"stuf",1
"stuff",2
"stumbl",3
"stun",4
"stupid",4
"style",1
"styrofoam",1
"suav",1
"subpoena",6
"substanc",2
"subway",4
"success",5
"successor",1
"suck",6
"sudden",6
"suit",17
"suitcas",4
"summer",51
"summon",1
"sunbath",1
"sunlight",1
"sunset",3
"super",2
"superhuman",1
"superstar",1
"superston",1
"supervis",1
"suppos",2
"sure",14
"surpris",4
"surreptiti",1
"surround",1
"survey",1
"surviv",1
"sushi",1
"suspect",1
"swallow",2
"swat",1
"swear",2
"sweat",7
"sweati",1
"sweet",3
"sweetheart",1
"sweeti",2
"swell",2
"swig",2
"swim",1
"swiss",14
"switzerland",12
"synthes",1
"system",4
"tabl",13
"tackl",1
"tactic",1
"tag",1
"tai",1
"tail",1
"tailor",2
"take",79
"taken",4
"takeout",2
"takeov",1
"tale",1
"talk",36
"tall",1
"tan",1
"tangier",3
"tank",2
"tap",2
"tape",9
"target",3
"taser",1
"tast",1
"tattoo",1
"taught",1
"tea",1
"teach",1
"teacher",1
"team",2
"tear",1
"tech",2
"technic",2
"techniqu",1
"techno",2
"ted",21
"teddi",1
"teen",1
"teenag",1
"teeth",6
"telephon",7
"tell",26
"tellin",2
"temper",2
"ten",8
"tend",1
"tender",1
"tenni",5
"tension",2
"terenc",1
"teresa",38
"term",5
"terribl",1
"terrif",1
"terrifi",2
"terrorist",1
"testarossa",1
"testimoni",2
"testosteron",1
"texa",1
"thank",15
"that",36
"thatd",2
"thatr",1
"thees",1
"there",20
"theyd",2
"theyll",4
"theyr",17
"theyv",1
"thick",2
"thicklip",1
"thief",1
"thigh",5
"thin",2
"thing",30
"think",46
"thirdrat",1
"thirti",3
"thirtyseven",1
"thisd",1
"though",11
"thought",6
"thousand",14
"threaten",1
"three",28
"threemartini",1
"threw",2
"thrill",1
"thrive",1
"throat",4
"throttl",1
"throughout",1
"throw",7
"thrust",3
"thud",1
"thump",3
"thumpthump",2
"thumpthumpthumpthump",1
"thunder",2
"thunk",1
"thunkthunkthunk",1
"thus",2
"tick",1
"ticker",1
"ticket",4
"tickytack",1
"tie",5
"tight",2
"til",3
"till",6
"time",45
"timer",1
"tingl",2
"tini",4
"tip",4
"tire",2
"tit",1
"titl",1
"titter",1
"toast",4
"tobi",13
"today",7
"toe",1
"togeth",5
"toilet",1
"told",8
"toler",1
"tommi",1
"tomorrow",1
"took",8
"tool",1
"tootski",1
"top",9
"toppl",2
"toss",1
"total",10
"touch",6
"tough",1
"toughguy",1
"toward",18
"towel",2
"tower",2
"tozay",1
"track",2
"tractortrail",1
"trade",5
"trademark",1
"tradit",1
"traffic",1
"trail",1
"train",3
"traine",1
"tran",1
"tranq",1
"transact",1
"transfix",2
"transit",1
"transport",3
"tray",2
"treadmil",1
"treat",3
"tree",2
"tremend",1
"trend",1
"tri",21
"trial",1
"trigger",1
"trip",6
"triumphant",1
"troop",2
"tropic",1
"troubl",3
"true",3
"truli",2
"trust",5
"truth",2
"tshirt",4
"tube",3
"tuck",1
"tuesday",1
"tuition",1
"turn",28
"turtl",1
"tutori",2
"tuxedo",1
"tuxedoclad",1
"twat",1
"twelfth",1
"twelv",2
"twenti",13
"twentyseven",1
"twerp",2
"twinengin",1
"twist",2
"twitch",1
"twitchi",1
"two",49
"type",1
"typic",1
"ugli",1
"uhhh",2
"uhoh",1
"ultramodernist",1
"umheidi",1
"unawar",1
"uncertainti",1
"uncl",1
"uncomfort",3
"uncontrol",1
"undercov",1
"understand",5
"underwear",3
"underwrit",1
"unfurl",1
"union",1
"unit",1
"univers",2
"unless",3
"unlimit",1
"unload",3
"unlos",1
"unmark",1
"unorthodox",1
"unthink",1
"unti",1
"upon",2
"upright",1
"upset",1
"upsid",1
"upstair",3
"upward",1
"urg",1
"urgenc",2
"urgent",1
"use",11
"usher",1
"usual",2
"vacat",3
"vagina",1
"valium",1
"valu",1
"valuabl",1
"van",2
"variat",1
"various",7
"vault",1
"vega",2
"vehicl",1
"velcro",1
"venic",4
"ventur",1
"verrazano",1
"version",1
"vial",4
"vibrat",1
"vice",1
"vicious",1
"victim",2
"victori",1
"video",9
"videograph",1
"view",2
"villain",1
"violat",1
"violent",1
"violet",8
"virginia",1
"visibl",2
"visin",1
"vision",1
"visit",2
"visitor",1
"voic",9
"vomit",3
"vone",3
"wad",2
"wagner",1
"wait",13
"waiter",4
"waitress",2
"wake",5
"walk",12
"wall",158
"walmart",1
"walrus",1
"waltz",1
"wanna",6
"want",55
"war",3
"warhol",1
"warmth",1
"warn",4
"warren",1
"wash",3
"wasnt",5
"wasp",1
"waspi",1
"wast",3
"watch",32
"water",11
"waterfal",3
"wave",14
"wax",1
"way",22
"waz",1
"wazza",4
"weak",1
"wealth",3
"wealthi",3
"wealthiest",1
"wear",19
"weather",1
"weav",1
"wed",15
"weed",2
"week",7
"weekend",1
"weep",2
"weigh",2
"weird",2
"weirdest",1
"welch",10
"welcom",4
"well",27
"went",5
"werent",4
"west",1
"wet",4
"weve",7
"whaa",1
"what",14
"whatev",8
"whatr",1
"whattaya",1
"whazz",1
"wheel",8
"where",3
"whether",2
"whisper",1
"white",13
"whitejacket",1
"whod",2
"whoever",1
"whole",7
"whoop",2
"whoosh",1
"whore",1
"whos",5
"whose",2
"wide",2
"widen",1
"wife",15
"wigwearin",1
"wild",10
"wilder",1
"wildey",1
"will",34
"win",3
"wind",4
"windbreak",2
"window",8
"wine",7
"wink",2
"winner",1
"winter",3
"wipe",5
"wire",5
"wise",1
"wish",1
"wit",1
"wither",1
"within",10
"without",6
"wive",1
"wiz",2
"wizzz",1
"woken",1
"wolf",139
"wolfhowl",1
"woman",6
"women",4
"won",1
"wonder",3
"wonderland",1
"wont",8
"word",6
"wore",1
"work",22
"world",11
"worldclass",1
"worn",1
"worri",3
"wors",3
"worship",2
"worth",3
"worthless",4
"wouldnt",11
"wouldv",1
"wow",1
"wrangl",1
"wrap",2
"wreck",1
"wrestl",1
"wrinkl",1
"write",4
"written",1
"wrong",6
"wrongdo",1
"wrote",1
"wuzz",6
"xanax",1
"yacht",18
"yap",2
"yard",3
"yawn",1
"yeah",17
"year",27
"yell",2
"yellow",5
"yellowtail",1
"yes",13
"yet",5
"yknow",1
"yodel",1
"yoo",1
"york",8
"youd",7
"youll",14
"young",13
"your",49
"youv",3
"zaw",1
"zay",1
"zealand",1
"zee",4
"zint",1
"zip",1
"zod",2
"zoggin",1
"zone",3
"zonni",1
"zoo",3
"zoom",3
"zuppos",2
"zurich",3
"zwizzyland",1
